{
  "case_id": "SCPH-AFMRI-2024-01053",
  "nodes": [
    {
      "id": 0,
      "type": "internal_opening",
      "z": 22,
      "y": 24,
      "x": 14,
      "confidence": 0.8511417919812131,
      "clock_position": 6.0,
      "radial_depth": 0.0,
      "eas_distance": 0.0625
    },
    {
      "id": 1,
      "type": "external_opening",
      "z": 26,
      "y": 34,
      "x": 20,
      "confidence": 1.0,
      "clock_position": 7.967874526977539,
      "radial_depth": 0.48591265082359314,
      "eas_distance": 0.1041666641831398
    },
    {
      "id": 2,
      "type": "abscess_node",
      "z": 28,
      "y": 33,
      "x": 13,
      "confidence": 0.4618476872187055,
      "clock_position": 9.211339950561523,
      "radial_depth": 0.3773077428340912,
      "eas_distance": 0.02083333395421505
    }
  ],
  "edges": [
    {
      "source": 0,
      "target": 1,
      "type": "primary_tract",
      "length_mm": 12.955307792561317,
      "tortuosity": 1.0485912650823592,
      "crosses_eas": false,
      "confidence": 0.8511417919812131
    },
    {
      "source": 1,
      "target": 2,
      "type": "abscess_communication",
      "length_mm": 8.692525524840292,
      "tortuosity": 1.0108604907989502,
      "crosses_eas": false,
      "confidence": 0.4618476872187055
    }
  ],
  "biomarkers": {
    "branch_burden": 0,
    "abscess_communication": true,
    "horseshoe_extension": false,
    "eas_involvement_pct": 11.993487694647797,
    "graph_complexity_index": 0.2955120047067978,
    "node_count": 3,
    "edge_count": 2
  }
}