{
  "case_id": "SCPH-AFMRI-2026-01052",
  "nodes": [
    {
      "id": 0,
      "type": "internal_opening",
      "z": 22,
      "y": 21,
      "x": 16,
      "confidence": 1.0,
      "clock_position": 4.123002052307129,
      "radial_depth": 0.15023130178451538,
      "eas_distance": -0.02083333395421505
    },
    {
      "id": 1,
      "type": "external_opening",
      "z": 27,
      "y": 36,
      "x": 20,
      "confidence": 1.0,
      "clock_position": 8.114498138427734,
      "radial_depth": 0.55901700258255,
      "eas_distance": 0.13339842855930328
    }
  ],
  "edges": [
    {
      "source": 0,
      "target": 1,
      "type": "primary_tract",
      "length_mm": 16.523922052587878,
      "tortuosity": 1.0408785700798036,
      "crosses_eas": false,
      "confidence": 1.0
    }
  ],
  "biomarkers": {
    "branch_burden": 0,
    "abscess_communication": false,
    "horseshoe_extension": false,
    "eas_involvement_pct": 19.374095506738747,
    "graph_complexity_index": 0.1035630721648329,
    "node_count": 2,
    "edge_count": 1
  }
}